{"cameraMode":{"drawMode":0,"name":"Shaded","section":"Shading Mode"},"sceneLighting":true,"audioPlay":false,"sceneViewState":{"showFog":true,"showMaterialUpdate":false,"showSkybox":true,"showFlares":true,"showImageEffects":true,"showParticleSystems":true},"in2DMode":false,"pivot":{"x":-0.43903446197509768,"y":-0.049144744873046878,"z":0.5343403816223145},"rotation":{"x":0.10360303521156311,"y":-0.8607259392738342,"z":0.1942833960056305,"w":0.45898863673210146},"size":3.30316424369812,"orthographic":false}